<application>
  <component name="ProjectJdkTable">
    <jdk version="2">
      <name value="Python 3.6" />
      <type value="Python SDK" />
      <version value="Python 3.6.7" />
      <homePath value="/usr/bin/python3.6" />
      <roots>
        <classPath>
          <root type="composite">
            <root url="file:///usr/lib/python3.6" type="simple" />
            <root url="file:///usr/lib/python3.6/lib-dynload" type="simple" />
            <root url="file://$USER_HOME$/.local/lib/python3.6/site-packages" type="simple" />
            <root url="file:///usr/local/lib/python3.6/dist-packages" type="simple" />
            <root url="jar:///usr/local/lib/python3.6/dist-packages/pony_plugin_sdk-0.0.2-py3.6.egg!/" type="simple" />
            <root url="file:///usr/lib/python3/dist-packages" type="simple" />
            <root url="file://$USER_HOME$/.PyCharm2018.3/system/python_stubs/-1247971763" type="simple" />
            <root url="file://$APPLICATION_HOME_DIR$/helpers/python-skeletons" type="simple" />
            <root url="file://$APPLICATION_HOME_DIR$/helpers/typeshed/stdlib/3" type="simple" />
            <root url="file://$APPLICATION_HOME_DIR$/helpers/typeshed/stdlib/2and3" type="simple" />
            <root url="file://$APPLICATION_HOME_DIR$/helpers/typeshed/third_party/3" type="simple" />
            <root url="file://$APPLICATION_HOME_DIR$/helpers/typeshed/third_party/2and3" type="simple" />
          </root>
        </classPath>
        <sourcePath>
          <root type="composite" />
        </sourcePath>
      </roots>
      <additional />
    </jdk>
    <jdk version="2">
      <name value="Python 3.6 (test)" />
      <type value="Python SDK" />
      <version value="Python 3.6.7" />
      <homePath value="$USER_HOME$/projects/test/venv/bin/python" />
      <roots>
        <classPath>
          <root type="composite">
            <root url="file:///usr/lib/python3.6" type="simple" />
            <root url="file:///usr/lib/python3.6/lib-dynload" type="simple" />
            <root url="file://$USER_HOME$/projects/test/venv/lib/python3.6/site-packages" type="simple" />
            <root url="jar://$USER_HOME$/projects/test/venv/lib/python3.6/site-packages/setuptools-39.1.0-py3.6.egg!/" type="simple" />
            <root url="file://$USER_HOME$/projects/test/venv/lib/python3.6/site-packages/pip-10.0.1-py3.6.egg" type="simple" />
            <root url="file://$USER_HOME$/.PyCharmCE2018.3/system/python_stubs/2072075011" type="simple" />
            <root url="file://$APPLICATION_HOME_DIR$/helpers/python-skeletons" type="simple" />
            <root url="file://$APPLICATION_HOME_DIR$/helpers/typeshed/stdlib/3" type="simple" />
            <root url="file://$APPLICATION_HOME_DIR$/helpers/typeshed/stdlib/2and3" type="simple" />
            <root url="file://$APPLICATION_HOME_DIR$/helpers/typeshed/third_party/3" type="simple" />
            <root url="file://$APPLICATION_HOME_DIR$/helpers/typeshed/third_party/2and3" type="simple" />
          </root>
        </classPath>
        <sourcePath>
          <root type="composite" />
        </sourcePath>
      </roots>
      <additional ASSOCIATED_PROJECT_PATH="$USER_HOME$/projects/test" />
    </jdk>
    <jdk version="2">
      <name value="Python 3.6 (mask_comments)" />
      <type value="Python SDK" />
      <version value="Python 3.6.7" />
      <homePath value="$USER_HOME$/projects/mask_comments/venv/bin/python" />
      <roots>
        <classPath>
          <root type="composite">
            <root url="file:///usr/lib/python3.6" type="simple" />
            <root url="file:///usr/lib/python3.6/lib-dynload" type="simple" />
            <root url="file://$USER_HOME$/projects/mask_comments/venv/lib/python3.6/site-packages" type="simple" />
            <root url="jar://$USER_HOME$/projects/mask_comments/venv/lib/python3.6/site-packages/setuptools-39.1.0-py3.6.egg!/" type="simple" />
            <root url="file://$USER_HOME$/projects/mask_comments/venv/lib/python3.6/site-packages/pip-10.0.1-py3.6.egg" type="simple" />
            <root url="file://$USER_HOME$/.PyCharmCE2018.3/system/python_stubs/-29891504" type="simple" />
            <root url="file://$APPLICATION_HOME_DIR$/helpers/python-skeletons" type="simple" />
            <root url="file://$APPLICATION_HOME_DIR$/helpers/typeshed/stdlib/3" type="simple" />
            <root url="file://$APPLICATION_HOME_DIR$/helpers/typeshed/stdlib/2and3" type="simple" />
            <root url="file://$APPLICATION_HOME_DIR$/helpers/typeshed/third_party/3" type="simple" />
            <root url="file://$APPLICATION_HOME_DIR$/helpers/typeshed/third_party/2and3" type="simple" />
          </root>
        </classPath>
        <sourcePath>
          <root type="composite" />
        </sourcePath>
      </roots>
      <additional ASSOCIATED_PROJECT_PATH="$USER_HOME$/projects/mask_comments" />
    </jdk>
    <jdk version="2">
      <name value="Remote Python 3.6.8 (sftp://liuchang@192.168.3.11:22/home/liuchang/.conda/envs/liu_tf1.12/bin/python3)" />
      <type value="Python SDK" />
      <version value="Python 3.6.8" />
      <homePath value="sftp://liuchang@192.168.3.11:22/home/liuchang/.conda/envs/liu_tf1.12/bin/python3" />
      <roots>
        <classPath>
          <root type="composite">
            <root url="file://$USER_HOME$/.PyCharm2018.3/system/remote_sources/-2058910101/-1517791399" type="simple" />
            <root url="file://$USER_HOME$/.PyCharm2018.3/system/remote_sources/-2058910101/-4176771" type="simple" />
            <root url="jar://$USER_HOME$/.PyCharm2018.3/system/remote_sources/-2058910101/pony_plugin_sdk-0.0.2-py3.6.egg!/" type="simple" />
            <root url="file://$USER_HOME$/.PyCharm2018.3/system/python_stubs/-2058910101" type="simple" />
            <root url="file://$APPLICATION_HOME_DIR$/helpers/python-skeletons" type="simple" />
            <root url="file://$APPLICATION_HOME_DIR$/helpers/typeshed/stdlib/3" type="simple" />
            <root url="file://$APPLICATION_HOME_DIR$/helpers/typeshed/stdlib/2and3" type="simple" />
            <root url="file://$APPLICATION_HOME_DIR$/helpers/typeshed/third_party/3" type="simple" />
            <root url="file://$APPLICATION_HOME_DIR$/helpers/typeshed/third_party/2and3" type="simple" />
          </root>
        </classPath>
        <sourcePath>
          <root type="composite" />
        </sourcePath>
      </roots>
      <additional WEB_SERVER_CONFIG_ID="003919fb-5bda-49fb-ae76-80806e510287" WEB_SERVER_CONFIG_NAME="hpc1" WEB_SERVER_CREDENTIALS_ID="sftp://liuchang@192.168.3.11:22" INTERPRETER_PATH="$USER_HOME$/.conda/envs/liu_tf1.12/bin/python3" HELPERS_PATH="/mnt/raid1/home/liuchang/.pycharm_helpers" INITIALIZED="false" VALID="true" SKELETONS_PATH="" VERSION="">
        <PathMappingSettings>
          <option name="pathMappings">
            <list>
              <mapping local-root="$USER_HOME$/.PyCharm2018.3/system/remote_sources/-2058910101/-1517791399" remote-root="/home/liuchang/.conda/envs/liu_tf1.12/lib/python3.6" />
              <mapping local-root="$USER_HOME$/.PyCharm2018.3/system/remote_sources/-2058910101/-4176771" remote-root="/home/liuchang/.conda/envs/liu_tf1.12/lib/python3.6/site-packages" />
              <mapping local-root="$USER_HOME$/.PyCharm2018.3/system/remote_sources/-2058910101/pony_plugin_sdk-0.0.2-py3.6.egg" remote-root="/home/liuchang/.conda/envs/liu_tf1.12/lib/python3.6/site-packages/pony_plugin_sdk-0.0.2-py3.6.egg" />
            </list>
          </option>
        </PathMappingSettings>
      </additional>
    </jdk>
    <jdk version="2">
      <name value="Remote Python 3.6.8 (sftp://liuchang@192.168.3.12:22/home/liuchang/.conda/envs/liu_tf1.12/bin/python3)" />
      <type value="Python SDK" />
      <version value="Python 3.6.8" />
      <homePath value="sftp://liuchang@192.168.3.12:22/home/liuchang/.conda/envs/liu_tf1.12/bin/python3" />
      <roots>
        <classPath>
          <root type="composite">
            <root url="file://$USER_HOME$/.PyCharm2018.3/system/remote_sources/310523884/-1517791399" type="simple" />
            <root url="file://$USER_HOME$/.PyCharm2018.3/system/remote_sources/310523884/-4176771" type="simple" />
            <root url="jar://$USER_HOME$/.PyCharm2018.3/system/remote_sources/310523884/pony_plugin_sdk-0.0.2-py3.6.egg!/" type="simple" />
            <root url="file://$USER_HOME$/.PyCharm2018.3/system/python_stubs/310523884" type="simple" />
            <root url="file://$APPLICATION_HOME_DIR$/helpers/python-skeletons" type="simple" />
            <root url="file://$APPLICATION_HOME_DIR$/helpers/typeshed/stdlib/3" type="simple" />
            <root url="file://$APPLICATION_HOME_DIR$/helpers/typeshed/stdlib/2and3" type="simple" />
            <root url="file://$APPLICATION_HOME_DIR$/helpers/typeshed/third_party/3" type="simple" />
            <root url="file://$APPLICATION_HOME_DIR$/helpers/typeshed/third_party/2and3" type="simple" />
          </root>
        </classPath>
        <sourcePath>
          <root type="composite" />
        </sourcePath>
      </roots>
      <additional WEB_SERVER_CONFIG_ID="63bc1b88-7f5a-4ea1-95e0-7f40918ebfce" WEB_SERVER_CONFIG_NAME="hpc2" WEB_SERVER_CREDENTIALS_ID="sftp://liuchang@192.168.3.12:22" INTERPRETER_PATH="$USER_HOME$/.conda/envs/liu_tf1.12/bin/python3" HELPERS_PATH="/mnt/raid2/home/liuchang/.pycharm_helpers" INITIALIZED="false" VALID="true" SKELETONS_PATH="" VERSION="">
        <PathMappingSettings>
          <option name="pathMappings">
            <list>
              <mapping local-root="$USER_HOME$/.PyCharm2018.3/system/remote_sources/310523884/-1517791399" remote-root="/home/liuchang/.conda/envs/liu_tf1.12/lib/python3.6" />
              <mapping local-root="$USER_HOME$/.PyCharm2018.3/system/remote_sources/310523884/-4176771" remote-root="/home/liuchang/.conda/envs/liu_tf1.12/lib/python3.6/site-packages" />
              <mapping local-root="$USER_HOME$/.PyCharm2018.3/system/remote_sources/310523884/pony_plugin_sdk-0.0.2-py3.6.egg" remote-root="/home/liuchang/.conda/envs/liu_tf1.12/lib/python3.6/site-packages/pony_plugin_sdk-0.0.2-py3.6.egg" />
            </list>
          </option>
        </PathMappingSettings>
      </additional>
    </jdk>
  </component>
</application>