<application>
  <component name="AppInspectionProfilesVisibleTreeState">
    <entry key="Default">
      <profile-state>
        <expanded-state>
          <State />
          <State>
            <id>Python</id>
          </State>
        </expanded-state>
        <selected-state>
          <State>
            <id>PyPep8NamingInspection</id>
          </State>
        </selected-state>
      </profile-state>
    </entry>
  </component>
  <component name="PropertiesComponent">
    <property name="CommitChangeListDialog.DETAILS_SPLITTER_PROPORTION_2" value="0.61" />
    <property name="Copy.OpenInEditor" value="true" />
    <property name="DocumentationAutoUpdateEnabled" value="true" />
    <property name="ExpandBeforeRunStepsPanel" value="true" />
    <property name="ExpandRunDashboardTypesPanel" value="false" />
    <property name="FileTemplates.SelectedTemplate" value="HTML File" />
    <property name="INSPECTION_FILTER_HISTORY" value="pep" />
    <property name="KEYMAP" value="upload&#10;sync&#10;forma&#10;sele&#10;selec" />
    <property name="LayoutCode.optimizeImports" value="false" />
    <property name="PACKAGE_FILTER" value="request&#10;tensorf&#10;numpy" />
    <property name="PluginConfigurable.selectionTab" value="1" />
    <property name="PyCharm.InitialConfiguration" value="true" />
    <property name="PyCharm.InitialConfiguration.V2" value="true" />
    <property name="PyCharm.InitialConfiguration.V3" value="true" />
    <property name="PyCharm.InitialConfiguration.V4" value="true" />
    <property name="PyCharm.InitialConfiguration.V5" value="true" />
    <property name="PyCharm.InitialConfiguration.V6" value="true" />
    <property name="PyCharm.InitialConfiguration.V7" value="true" />
    <property name="PyCharm.initialConfigurationShown" value="true" />
    <property name="ShowDocumentationInToolWindow" value="false" />
    <property name="SingleInspectionProfilePanel.VERTICAL_DIVIDER_PROPORTION" value="0.49896908" />
    <property name="TrendingPluginsSearchHistory" value="bash&#10;sh" />
    <property name="com.intellij.history.integration.ui.views.FileHistoryDialog.0" value="300" />
    <property name="com.intellij.history.integration.ui.views.FileHistoryDialog.1" value="800" />
    <property name="dir.diff.panel.divider.location" value="466" />
    <property name="dir.diff.space.button.info" value="3" />
    <property name="evlsprt3.183" value="14" />
    <property name="file.chooser.recent.files" value="$USER_HOME$/projects/pytcharm_setting&#10;/home/liuchang/projects/mask_comments&#10;/home/liuchang/programs/berkeleyaligner/output_zh_small/ct-union-soft-1+2.alignOutput.align&#10;/home/liuchang/programs/berkeleyaligner/output_zh_small/union-soft-1+2.alignOutput.align&#10;/home/liuchang/programs/berkeleyaligner/output_zh_small/union-soft-1+2.alignOutput.txt&#10;/home/liuchang/programs/berkeleyaligner/output_zh_small/testset.en-ch.align&#10;/home/liuchang/programs/berkeleyaligner&#10;/home/liuchang/下载/bashsupport-1.7.6.zip&#10;/home/liuchang/projects/mask_comments/.idea/workspace.xml&#10;/home/liuchang/projects&#10;/home/liuchang/下载/0#000561.zst&#10;/home/liuchang/projects/Exercises&#10;/home/liuchang/projects/weekly-report/算法团队/NLP/刘畅/20190304.md&#10;/home/liuchang/projects/OpenNMT-tf&#10;/home/liuchang/projects/mask_comments/data_process/processor.py&#10;/home/liuchang/projects/eigen-opennmt&#10;/home/liuchang/.PyCharmCE2018.3/config&#10;/usr/bin/python3.6" />
    <property name="file.gist.reindex.count" value="38820" />
    <property name="fileTypeChangedCounter" value="6" />
    <property name="lastTip" value="23" />
    <property name="plugins.preselection.path" value="$USER_HOME$/下载" />
    <property name="quick.doc.font.size" value="LARGE" />
    <property name="structural.search.match.case" value="true" />
    <property name="structural.search.recursive" value="true" />
    <property name="ts.lib.d.ts.version" value="3.2.1" />
    <property name="vcs.log.details.splitter.proportion" value="0.55573773" />
  </component>
  <component name="PyTestFrameworkService">
    <option name="SDK_TO_PYTEST">
      <map>
        <entry key="/usr/bin/python3.6" value="false" />
        <entry key="sftp://liuchang@192.168.3.11:22/home/liuchang/.conda/envs/liu_tf1.12/bin/python3" value="false" />
        <entry key="sftp://liuchang@192.168.3.12:22/home/liuchang/.conda/envs/liu_tf1.12/bin/python3" value="false" />
      </map>
    </option>
    <option name="SDK_TO_NOSETEST">
      <map>
        <entry key="/usr/bin/python3.6" value="false" />
        <entry key="sftp://liuchang@192.168.3.11:22/home/liuchang/.conda/envs/liu_tf1.12/bin/python3" value="false" />
        <entry key="sftp://liuchang@192.168.3.12:22/home/liuchang/.conda/envs/liu_tf1.12/bin/python3" value="false" />
      </map>
    </option>
    <option name="SDK_TO_TRIALTEST">
      <map>
        <entry key="/usr/bin/python3.6" value="false" />
        <entry key="sftp://liuchang@192.168.3.11:22/home/liuchang/.conda/envs/liu_tf1.12/bin/python3" value="false" />
        <entry key="sftp://liuchang@192.168.3.12:22/home/liuchang/.conda/envs/liu_tf1.12/bin/python3" value="false" />
      </map>
    </option>
  </component>
</application>