<keymap version="1" name="Eclipse copy" parent="Eclipse">
  <action id="ChangesView.GroupBy.Directory" />
  <action id="Diff.PrevChange">
    <keyboard-shortcut first-keystroke="shift ctrl f6" />
    <keyboard-shortcut first-keystroke="ctrl page_up" />
  </action>
  <action id="EditorDown">
    <keyboard-shortcut first-keystroke="down" />
    <keyboard-shortcut first-keystroke="alt k" />
  </action>
  <action id="EditorLeft">
    <keyboard-shortcut first-keystroke="left" />
    <keyboard-shortcut first-keystroke="alt j" />
  </action>
  <action id="EditorRight">
    <keyboard-shortcut first-keystroke="right" />
    <keyboard-shortcut first-keystroke="alt l" />
  </action>
  <action id="EditorUp">
    <keyboard-shortcut first-keystroke="up" />
    <keyboard-shortcut first-keystroke="alt i" />
  </action>
  <action id="FileChooser.TogglePathShowing" />
  <action id="PreviousTab">
    <keyboard-shortcut first-keystroke="shift ctrl f6" />
    <keyboard-shortcut first-keystroke="ctrl page_up" />
  </action>
  <action id="Print" />
  <action id="PublishGroup.SyncLocalVsRemote">
    <keyboard-shortcut first-keystroke="shift ctrl alt z" />
  </action>
  <action id="PublishGroup.Upload">
    <keyboard-shortcut first-keystroke="shift ctrl alt x" />
  </action>
  <action id="PublishGroup.UploadTo" />
  <action id="TodoViewGroupByShowPackages" />
  <action id="ToggleCompletionHintsAction">
    <keyboard-shortcut first-keystroke="ctrl p" />
  </action>
</keymap>